url,template_image_url,about,origin,tags,year,last_update_source,other_types
https://knowyourmeme.com/memes/in-soviet-russia,https://i.kym-cdn.com/entries/icons/original/000/000/093/insovietrussia.jpg,"In Soviet Russia, also known as the Russian Reversal, is a joke format and phrasal template popularized by stand-up comedian Yakov Smirnoff. The joke was extremely popular in the late 1980s but fell out of vogue in the 90s. Online, the joke format has been given new life among various online communities particularly in ironic memes. The snowclone follows a variation on this template:","The origin of the meme is unknown. The earliest recorded version dates back to the 1938 Cole Porter musical Leave It To Me! In the show, a man attempts to tip a messenger. The messenger refuses. ""No tipping,"" he says. ""In Soviet Russia, messenger tips you.""[1]","['russia', 'russian reversal', 'image macro', 'soviet', 'yakov smirnoff', 'bob hope', 'jimmy stewart']",1938,2021-04-17,[]
https://knowyourmeme.com/memes/you-have-my-sword-and-my-bow-and-my-axe,https://i.kym-cdn.com/entries/icons/original/000/000/167/cover3.jpg,"""You Have My Sword, and My Bow, and My Axe"" is a memorable quote from the 2001 epic fantasy film The Lord of the Rings: The Fellowship of the Ring uttered by characters Aragorn, Legolas and Gimli. Online, the quote has also been used as a bait-and-switch tactic and as an expandable snowclone format You Have My X, and My Y, and My Z.","On December 19th, 2001, the epic fantasy film The Lord of the Rings: The Fellowship of the Ring premiered in the U.S.[5] In the film, the characters Aragorn, Legolas and Gimli agree to assist the hobbits Frodo and Sam in their quest to deliver the Ring of Power to Mount Doom in order to destroy it. The characters offer their weapons in turn, pledging their allegiance (scene shown below). - If by my life or death I can protect you, I will. You have my sword! - And you have my bow! - And my axe! On June 6th, 2005, YTMND user zeronspoonx[1] made the earliest known viral meme based on the quote. In the YTMND post, a flashing image macro of Gimli is set to ""Heroes to Us"" by Kalmah and captioned ""And you shall have my axe!!!"" The page received over 27,900 views in 16 years, maintaining an average score of 3.95.","['you have my sword', 'and my bow', 'and my axe', 'lord of the rings', 'fellowship', 'lotr', 'ring', '4chan', 'aragorn', 'legolas', 'gimli', 'catchphrase', 'snowclone']",2001,2021-04-06,['catchphrase']
https://knowyourmeme.com/memes/pretty-cool-guy,https://i.kym-cdn.com/entries/icons/original/000/000/609/halo.jpg,"""Pretty cool guy"" is a exploitable snowclone parody phrase used to show approval of a subject.","On the 3rd of December, 2007 an Anonymous 4chan user on /b/ made a thread with the image of Master Chief from the popular game series Halo, saying [1] I think Halo is a pretty cool guy. Eh kills aleins and doesnt afraid of anything. Replies to the thread consisted of criticism of the poster's grammar and spelling and posted their own versions involving other things.","['halo', 'pretty cool guy', '4chan', 'spelling', 'grammar', 'mistakes', 'catchphrase', 'videogame', 'first person shooter', 'parody', 'snowclone', 'master chief']",2007,2021-01-26,[]
https://knowyourmeme.com/memes/bitches-love-smiley-faces,https://i.kym-cdn.com/entries/icons/original/000/004/286/smily.jpg,"""Bitches Love X"" is an image macro series based on the snowclone template ""I got that bitch (X), bitches love (X)."" In the template, ""X ""represents any object, place or entity that may be deemed desirable. In this context, the label ""bitches"" is used as a mass noun to address any group of audience or viewers, regardless of gender.","The template ""Bitches Love X"" is derived from a quote in the episode ""Let's Nab Oprah"" in the first season of the animated TV series The Boondocks.[1] The episode originally aired on February 12th, 2006, as part of Cartoon Network's Adult Swim programming block. In the episode, the character Ed Wuncler III[19] (voiced by comedian Charlie Murphy) comments on texting a woman with the line ‚ÄúI sent that bitch a smiley face, bitches love smiley faces.‚Äù","['bitches love x', 'tv show quote', 'pop culture', 'snowclone', 'phrasal template', 'e-card', 'adult swim', 'ed wuncler iii', 'nahright', 'wu tang', 'sadface', 'charlie murphy']",2006,2021-01-16,['image-macro']
https://knowyourmeme.com/memes/dont-say-youre-a-fan-if-you-dont-know-who-this-is,https://i.kym-cdn.com/entries/icons/original/000/022/958/dont-claim-you-know-if-you-rocknroll-dont-know-who-4819476.png,"Don'tüëèClaimüëè Toüëè Beüëè aüëè Fan üëèIfüëèYouüëèDon'tüëèKnowüëèWhoüëèThisüëèIs is a phrasal template or snowclone, captioning an image of a fictional character performing the activity, expressing that one cannot be true fan of said field without knowledge of the image subject.","On August 8th, 2016, Twitter user @antoniodelotero[1] posted the earliest known iteration of the meme (shown below): an image of SpongeBob SquarePants doing an olympic dive with the caption, ""don't üëè claim üëè to üëè be üëè a üëè fan üëè of üëè the üëè olympics üëè if üëè you üëè don't üëè know üëè who üëè this üëè is."" As of May 2017, the tweet has received more than 17,200 retweets and 23,100 likes.","['üëè', 'snowclone']",2016,2021-03-14,['image-macro']
https://knowyourmeme.com/memes/length-of-recording,https://i.kym-cdn.com/entries/icons/original/000/023/369/Screen_Shot_2017-07-07_at_10.27.43_AM.jpg,Length of Recording refers to a snowclone popular on Twitter in which a person posts what appears to be two audio files of two different lengths. The snowclone usually begins with a short audio file representing the length something important is discussed. The second audio file is usually much longer than the first and represents the length a much more frivolous topic is discussed.,"Using the ""right triangle"" and ""radio button"" emoji, it is possible to make what appears to be an audio player for Twitter. On September 14th, 2016, @memearchives[1] posted a prank tweet making it appear as though Twitter had unveiled an audio tweet feature (shown below). The joke format began appearing in late June of 2017. On June 21st, Twitter user @eunseotrash[2] posted a tweet about how much she loves K-Pop idol Eunseo of the group Cosmic Girls (shown below, left). On June 30th, @Salsizabeth[3] posted a joke about her fandom for Sansa Stark of Game of Thrones (shown below, right). This appears to be the first instance of what would become the joke's most-used format.","['audio', 'twitter', 'recording', 'me talking about x', 'eunseotrash', 'memearchives', 'eunseo', 'cosmic girls', 'salsizabeth', 'sansa stark', 'kyvnqsoo', 'chanyeol', 'twicespjm', 'day6', 'minimalisthue', 'jaboukie']",2016,2020-01-05,[]
https://knowyourmeme.com/memes/please-my-wife-shes-very-sick,https://i.kym-cdn.com/entries/icons/original/000/023/618/raccoon.jpg,"Please. My Wife. She's Very Sick. refers to a phrasal template that is generally matched by an image of the subject cradling another in their arms. The template most commonly used follows the phrase ""Please, my X, their very sick"" with slight variations.","Most commonly, the template is matched by a popular picture of a raccoon standing upright and cradling a cat in its arms. The picture (shown below) first appeared on a Japanese blog called nobukatsu[1] on December 15th, 2009. Three years later, on February 6th 2012, Redditor [2] crayclaycray posted the picture on Reddit, where it garnered more than 560 points (79% upvoted) and 50 points. Snopes[3] has since debunked the picture, claiming that it was indeed photoshopped. On January 2nd, 2015, Twitter [4] user @lanyardigan posted the picture of the raccoon and cat with the caption ""Please. My wife. She's very sick."" The post (shown below) has since been deleted, however, Blogspot[5] user joannecasey posted a screenshot on January 15th. At the time of the screenshot, the picture (shown below) had received more than 7,100 retweets and 11,000 likes.","['phrasal template', 'snowclone', 'raccoon', 'guy fieri', 'wife', 'sick', 'nobukatsu', 'crayclaycray', 'lanyardigan', 'joannecasey', 'astralsleeps', 'thehighendtheorist', 'omegasaurusrex', 'mweeedman', 'memeprovider']",2015,2021-03-20,['image-macro']
https://knowyourmeme.com/memes/all-i-want-to-do-is-maga,https://i.kym-cdn.com/entries/icons/original/000/023/797/Screen_Shot_2017-08-30_at_10.42.12_AM.jpg,"All I Want To Do Is #MAGA refers to jokes about a tweet sent out by Donald Trump complaining about how he believes he is unfairly covered by the media when all he wants to do is ""#MAGA"", the hashtag for his campaign slogan, Make America Great Again. The phrasing of the sentence led people to joke about ""All I Want To Do Is #MAGA"" as if it were a lyric in a pop song.","On the morning of August 30th, 2017, Donald Trump tweeted:[1] After reading the false reporting and even ferocious anger in some dying magazines, it makes me wonder, WHY? All I want to do is #MAGA! The tweet came shortly after Trump faced criticism for his visit to Houston following Hurricane Harvey in which he did not see any victims of the hurricane. Less than two hours after the tweet was sent, it gained over 7,600 retweets and 28,000 likes (shown below).","['donald trump', 'tweet', 'maga', 'song lyrics', 'twitter']",2017,2019-12-17,[]
https://knowyourmeme.com/memes/im-a-man-woman-looking-for,https://i.kym-cdn.com/entries/icons/original/000/023/730/iama.jpg,"""I'm a Man / Woman Looking For"", also known as ""I Am A"", refers to an exploitable questionnaire used on Twitter in which people specify their gender and a humorous response to what they look for in a romantic partner, parodying the format of a dating survey. The template follows the structure of a personal ad: ""I am a ‚ö™Ô∏è man or ‚ö™Ô∏è woman""/ ""Looking for ‚ö™Ô∏è Man ‚ö™Ô∏è Woman ‚ö™Ô∏è [Joke Response]."" The user uses the ""üîò"" emoji to point to do the joke.","On August 14th, 2017, Twitter[1] user @SPENCERcNIEMETZ tweeted the first questionnaire, posting that he is a ""man"" looking for ""Carly Rae Jepsen's 2015 masterpiece E‚Ä¢MO‚Ä¢TION to receive the justice it deserves."" The tweet (shown below) received more than 8,500 retweets and 30,000 likes in eight days.","['twitter', 'carly rae jepsen', 'call me maybe', ""i'm a"", 'looking for', 'emoji', 'i am a']",2017,2020-03-08,[]
https://knowyourmeme.com/memes/sneeds-feed-and-seed,https://i.kym-cdn.com/entries/icons/original/000/023/673/Sneed's_Feed_and_Seed_Banner.jpg,"Sneed's Feed & Seed (Formerly Chuck's) is a joke and innuendo from the animated television series The Simpsons. The questionable validity of the punchline and confusing nature of the joke's structure has turned it into a tool for trolling and memes referencing the original quip, which uses the scene from the show as an exploitable in photoshops and other edits. After spreading to 4chan, ""Sneedposting"" became a widespread shitposting format to reference Sneed's Feed & Seed.","The original scene comes from the fifth episode of season 11 of The Simpsons titled ""E I E I (ANNOYED GRUNT),"" which aired on November 7th, 1999.[2] In the scene, Homer parks outside the titular farming supply store ""Sneed's Feed & Seed"" (underneath in parenthesis reads ""Formerly Chuck's"") before being berated by two men (seen below).[1] The first internet reference to Sneed's Feed & Seed comes from an episode capsule text document written on March 27th, 2000, by Benjamin Robinson on the Simpson's Archive[4] website (shown below). In the post, Robinson detailed the hidden innuendo in the title by pointing out the correlation of ""Sneed, feed and seed"" all ending with the suffix ""-eed,"" meaning Chuck's former ownership would imply the ""-uck"" suffix instead ‚Äî leading to the store formerly being ""Chuck's Fuck & Suck"" if following the initial starting letters.","['image', 'shitpost', 'edit', 'comedy', 'humour', 'humor', 'the simpsons', 'dirty joke', 'adult joke', 'the simpsons dirty joke', 'adult humour', 'adult humor', 'sneed', 'feed', 'seed', ""chuck's fuck & suck"", 'trolling', 'bait', 'the simpsons shitposting', 'shitposting', 'benjamin robinson', 'ian m']",2000,2021-05-11,"['pop-culture-reference', 'exploitable', 'photoshop']"
https://knowyourmeme.com/memes/sex-is-an-intimate-and-sacred-act,https://i.kym-cdn.com/entries/icons/original/000/023/655/FB-Spiritual-Intimacy-.jpg,"Sex Is an Intimate and Sacred Act is a snowclone popular on Twitter with the template, ""Sex is an intimate and sacred act. Your body is a temple and you should not share it with someone who X.""","On August 2nd, 2017, Twitter user @Loopzoop[5] posted ""Sex is an intimate and sacred act. Ladies your body is a temple and you should not be sharing it with anyone who doesnt watch family guy,"" gaining over 440 retweets and 2,000 likes (shown below).","['sex', 'intimacy', 'snowclone', 'twitter', 'loopzoop', 'huntychan', 'global warming']",2017,2020-01-01,[]
https://knowyourmeme.com/memes/if-my-girl-drowning,https://i.kym-cdn.com/entries/icons/original/000/023/524/Screen_Shot_2017-07-27_at_1.10.45_PM.jpg,"""If My Girl Drowning"" Snowclone refers to a snowclone popular mostly on Twitter in which a person presents a scenario in which both their girlfriend and another object are both drowning and they can only save one, and they usually elect to save the other object. The copypasta is generally littered with emoji.","The snowclone originally started on Black Twitter. The original post read ""If my barber and my girl both drowning and I can only save one. Catch me at my girl's funeral with the freshest fade ever,"" with no emojis. The original post appears to have been deleted, but it was quoted on Twitter on August 1st, 2014, by @annaelizabethh_.[1] That user was quoting a user named ""KiranDavid_,"" who is likely Kiran David, an author who goes by the handle @KiranADavid (shown below).","['emoji', 'twitter', 'drowning']",2016,2019-12-17,['copypasta']
https://knowyourmeme.com/memes/still-think-its-harmless,https://i.kym-cdn.com/entries/icons/original/000/023/471/247.jpg,"Still Think It's Harmless?, also known as Still Think It's Cool?, is a phrasal template parodying anti-drug campaigns, which is typically used to caption images depicting obviously false or exaggerated side effects of cannabis. Additionally, the format often includes humorous names for marijuana such as ""jazz cabbage"" or ""devil's lettuce.""","In September 2010, Purdue University Student Wellness Office posted an image on their website claiming that marijuana was the ""most common illegal drug in fatally-injured drivers,"" along with the caption ""still think it's harmless?"" (shown below, left).[1][2] On April 20th, 2011, CollegeHumor[3] published a series of mock anti-marijuana public service announcement images, which featured various jokes about the effects of marijuana followed by the slogan ""Marijuana. Harmless?"" (shown below).","['marijuana', 'weed', 'hemp', 'cannabis', 'grass', 'reefer', 'jazz cabbage', 'socialism', 'communism', 'cultural marxism', 'anti-drug propaganda']",2011,2019-11-22,"['parody', 'slang']"
https://knowyourmeme.com/memes/i-showed-you-my-dick-please-respond,https://i.kym-cdn.com/entries/icons/original/000/023/422/Screen_Shot_2017-07-14_at_10.20.17_AM.jpg,"I Showed You My Dick Please Respond refers to several snapchat-style images of unattractive boys with a variation of the text ""I showed you my dick, please respond"" over them, implying that they've recently sent a picture of their penis to a woman and are being ignored. After the pictures spread, the text became a snowclone in which ""dick"" is replaced.","On January 29th, 2014, Tumblr user sassafrassle[1] posted an image she had received of a boy's face with a variation of the text laid over it (shown below). The post gained 283 notes.","['dick pic', 'snapchat', 'sex', 'cringe', 'sassafrassle', 'moshinmauro', 'qwerticorn']",2014,2021-04-18,"['participatory-media', 'catchphrase']"
https://knowyourmeme.com/memes/o-my-rubber-nen,https://i.kym-cdn.com/entries/icons/original/000/023/390/O.png,"""O, My Rubber Nen"" (sometimes stylised as ""O MY RUBBER NEN"") is a quote uttered by character Hisoka Morrow from the Japanese manga series Hunter x Hunter, on a scene where he's facing his inevitable death. The scene received mixed reception from the fans as some of them perceived it as a Deus Ex Machina, making that some online communities, like 4chan's anime and manga board /a/, used the quote as a phrasal template to mock alleged ""asspulls"" in manga series.","The scene comes from Hunter x Hunter's chapter 357 of the manga, released on June 13th, 2016. The chapter covers the conclusion of the fight between characters Chrollo Lucifer and Hisoka Morow, with Hisoka losing the battle after Chrollo blows him up with his ability. After being confirmed dead by a group of characters, Hisoka suddenly wakes up and explains character Machi that he survived by using his nen (energy that exists in the Hunter x Hunter universe and grants different abilities), injecting gum on his heart and lungs to restart them. The catchphrase can be seen on the fan scanlation from Mangastream, in a flashback describing the events right before his death, where he orders his nen to resurrect him after his death.","['hunter x hunter', 'rubber nen', 'gum nen', 'o my', 'hisoka', 'properties of both rubber and gum', 'hxh', 'hisoka morrow']",2016,2020-09-18,"['catchphrase', 'copypasta', 'pop-culture-reference']"
https://knowyourmeme.com/memes/emoji-sheriff,https://i.kym-cdn.com/entries/icons/original/000/023/383/Screen_Shot_2017-07-10_at_11.19.22_AM.jpg,"Emoji Sheriff refers to a snowclone popular on Twitter in which a person creates the likeness of an old American West law enforcement officer using various emojis. The character then introduces itself with ""Howdy. I'm the sheriff of X. I'm gonna X,"" with X changing depending on the emoji used.","On June 7th, 2017, Brandon Wardell tweeted the first sheriff using the ""100"" emoji and the caption ""howdy. im the sheriff of suckin u off. im gon suck u off.""[1] The tweet gained over 8,500 retweets and 24,000 likes (shown below).","['emoji', 'twitter', 'howdy', 'person', 'snowclone']",2017,2019-10-10,[]
https://knowyourmeme.com/memes/inhale-okay-tumblr-we-need-to-talk,https://i.kym-cdn.com/entries/icons/original/000/023/360/Screen_Shot_2017-07-06_at_10.30.31_AM.jpg,"*Inhale* Okay Tumblr, We Need To Talk refers to snowclones and expoitables popular on Tumblr made in parody of one user's webcomic in defense of creators' right to make content some might find objectionable. In the parodies, users either follow ""*Inhale* Okay Tumblr, We Need To Talk"" with unrelated texts or images serving as the punchline or insert the comic into other popular exploitable templates.","On June 11th, 2017, Tumblr user vampirequeenoffan[1] uploaded a two panel comic expressing her frustration with the criticism she had seen some creators receive for making potentially offensive content. Her rant begins ""*Inhale* Okay Tumblr, We Need To Talk"" (shown below). The post has received over 5,500 notes as of July 6th, 2017.","['tumblr', 'pedophilia', 'ships', 'fandoms', 'snowclone']",2017,2020-01-14,"['exploitable', 'parody']"
https://knowyourmeme.com/memes/is-now-playing,https://i.kym-cdn.com/entries/icons/original/000/023/353/steam.jpg,"Is Now Playing refers to a series of snowclones that use the template of Steam notifications to comment on the subject. In this meme, the username is replaced so that the game they are ""now playing"" reflects something about the new user.","""Is Now Playing"" is based on the notification banners from the digital gaming distribution platform Steam. On Steam, when a friend begins a game, a notification banner appears that shows their avatar and says ""[Username] Is Now Playing [Name of Video Game] appears (shown below). The earliest iteration of parody memes of this format appeared in 2016. On March 17th, 2016, vrutal user Themasteroflag uploaded a photoshopped version of the notification, replacing Donald Trump as the profile picture and username, so the the notification read ""Donald Trump is now playing Papers, Please,"" commenting on Trump's immigration policy. The post (shown below) received more than 270 points and 90 comments.[5]","['steam', 'video games', 'politics', 'countries', 'gamers']",2016,2021-01-14,[]
https://knowyourmeme.com/memes/how-republicans-are-born,https://i.kym-cdn.com/entries/icons/original/000/023/293/Screen_Shot_2017-06-26_at_11.57.54_AM.png,How Republicans Are Born is a snowclone popular on Twitter made in mockery of a tweet by conservative anti-tax activist Grover Norquist that imagines his daughter being denied the purchase of a guitar because she does not have the money to cover the sales tax on the object.,"On June 25th, 2017, Grover Norquist tweeted:[1] How Republicans are born‚Ä¶ Daughter, 8, has been savings up to buy her first Guitar. Found it for $35. She had 35 exact. Then‚Ä¶sales tax","['grover norquist', 'republican', 'democrat', 'twitter', 'politics']",2017,2019-12-17,[]
https://knowyourmeme.com/memes/yall-consider-this-a-date,https://i.kym-cdn.com/entries/icons/original/000/023/204/yall-consider-this-a-date-22298607.png,Y'all Consider This A Date? refers to a series of jokes popular on Black Twitter that grew popular in early June of 2017 in which a person posts an amusing image and asks if the image qualifies as a romantic outing.,"On May 28th, 2017, @TheVibeControl posted a video of a couple hanging out and making music together with the caption ""Y'all consider this a date?"" The tweet gained over 34,000 retweets and 103,000 likes (shown below). Prior to this post, the phrase had been used in some Instagram posts in which a person sincerely asks if the image in the post constitutes a date. y'all consider this a date ? pic.twitter.com/a9Cdo1wENO","['dating', 'black twitter', 'date']",2017,2019-12-17,[]
https://knowyourmeme.com/memes/something-wrong-i-hold-my-head,https://i.kym-cdn.com/entries/icons/original/000/023/139/Harambe_gone.jpg,"""Something Wrong, I Hold My Head"" is a snowclone template based on the 2010 Kanye West song ""All of the Lights."" The template, generally, features four panels with the lyrics to the song providing the captions. However, in the third panel, the lyrics are changed, replacing the line ""M.J. Gone"" with a rhyme specific to the image.","""All of the Lights"" is based on the hit song by American rapper and producer Kanye West. Kanye's first verse in the song starts ""Something wrong/I hold my head/M.J. gone/Our nigga dead."" In December 2011, the song had sold more than 1.5 million digital copies and certified triple platinum.[1] Since being uploaded to YouTuber on February 18th, 2011 the music video (shown below) has received more than 166 million views as of June 2017. On June 29th, 2015, the social media account @Seinfeld2000 posted two their Instagram[2] and Twitter[3] accounts a four quadrant meme of the character George Costanza wearing a hat. In each image were one of the first four lines to ""All of the Lights"" with the caption ""Costeezy."" While the Instagram post (shown below) has been deleted, the Twitter post received more than 340 retweets and 700 likes within two years. Before being deleted, the Instagram post received more than 5,000.","['kanye west', 'all of the lights', 'michael jackson', 'yeezy', 'snowclone', 'template', 'panel', 'image macro', 'seinfeld', 'george costanza', 'my beautiful dark twisted family']",2015,2021-01-14,[]
https://knowyourmeme.com/memes/first-they-came,https://i.kym-cdn.com/entries/icons/original/000/023/109/first-they-came-martin-niemoller.jpg,"""First They Came‚Ä¶"" is a poem by Martin Niemoller written as a critique of German intellectuals during the Nazi occupation of Germany in the 1930s that remained silent during the Nazi purging of groups they found undesirable. The poem has grown into a snowclone online and has been used more frequently during the rise of President Donald Trump.","While the exact date the poem was first published is unclear, the earliest times Niemoller used variations of the text are traced back to 1946.[1] The version of the text that appears in the United States Holocaust Memorial Museum reads: First they came for the Socialists, and I did not speak out-- Because I was not a Socialist. Then they came for the Trade Unionists, and I did not speak out-- Because I was not a Trade Unionist. Then they came for the Jews, and I did not speak out-- Because I was not a Jew. Then they came for me--and there was no one left to speak for me.","['poem', 'germany', 'politics', 'nazi']",1950,2019-12-17,[]
https://knowyourmeme.com/memes/i-bought-a-bus-and-im-turning-it-into-a-camper,https://i.kym-cdn.com/entries/icons/original/000/023/091/bus.jpg,"""I Bought a Bus and I'm Turning It Into a Camper"" is a series of image macros based on an Imgur post. Typically, the memes in the series use the template ""I bought 'X' and I'm turning it into a camper. I'll post updates if anyone is interested"" as caption and an image of ""X"" appearing underneath.","On May 28th, 2017, Imgur user TINYshark posted an image of a bus with the title ""I bought a bus and I'm turning it into a camper. I'll post updates if anyone is interested.""[1] Within 48 hours, the post gained over 500,000 views and 14,000 points.","['bus', 'camper', 'imgur']",2017,2019-12-17,['image-macro']
https://knowyourmeme.com/memes/blood-for-the-blood-god,https://i.kym-cdn.com/entries/icons/original/000/022/949/4807767__142368ccb8bb9f59b40d26d9ae2434f4.jpg,"""Blood for the Blood God"", sometimes followed by ‚ÄúSkulls for the Skull Throne,‚Äù is a battlecry associated with the Chaos Space Marines faction in Warhammer 40k. Online, the phrase often appears in image macro captions and has inspired numerous variations using the phrasal template ""X for the X God.""","""Blood for the Blood God"" a common battlecry amongst the Chaos Space Marines faction of the game. The faction worships one of the Four Gods of Chaos, Khorne. Khorne is the God of War, Murder, Anger, Hate, and general Bloodshed. His private realm in the Warp is said to be filled with rivers of blood and that he sits upon a throne of skulls, made from all who die in battle. Thus when a Chaos Space Marine kills someone, they cry ""Blood for the Blood God, Skulls for the Skull Throne!"" The earliest explanation of the phrase online was posted in Khorne's Wikia page,[1] written March 28th, 2006. On July 3rd, 2008, a demotivational poster featuring the phrase was posted to gamereplays[2] by Jean=A=Luc, likely marking the phrase's first appearance in a meme (shown below).","['warhammer 40k', 'video game', 'catchphrase', 'godtributes']",1987,2020-08-19,[]
https://knowyourmeme.com/memes/dank-memes-for-edgy-teens,https://i.kym-cdn.com/entries/icons/original/000/022/892/mildmemes.jpg,"Dank Memes for Edgy Teens is the first of a common phrasal template used for Facebook meme pages. While the names may vary, the common format is ""X Memes for Y Teens.""","The earliest known iterations comes from the Facebook group ""Dank Memes for Edgy Teens,"" a Facebook meme page, which launched on May 20th, 2015.[1] The page's about section reads, ""There are teenagers in the world today that threaten suicide and don't know the grace of a rare Pepe. Won't you save a life today by sending a dank meme?"" In two years, the page has amassed more than 1,300 likes and 1,300 followers.","['memes for teens', 'snowclone', 'facebook', 'groups', 'creamy memes', 'stack exchange']",2015,2019-09-19,[]
https://knowyourmeme.com/memes/someone-who-is-good-at-the-economy-please-help-me,https://i.kym-cdn.com/entries/icons/original/000/022/868/Screen_Shot_2017-05-02_at_2.43.53_PM.png,"Someone Who Is Good At The Economy Please Help Me is a snowclone popular on Twitter in which a person lays out a budget in which they are spending an exorbitant amount on a frivolous item, then asks, ""someone who is good at the economy please help me budget this. my family is dying.""","On September 29th, 2013, @dril tweeted:[1] Food $200 Data $150 Rent $800 Candles $3,600 Utility $150 someone who is good at the economy please help me budget this. my family is dying His tweet gained over 53,000 retweets and 74,000 likes in three and a half years (shown below). The top response is user @craigus12[2] saying ""spend less on candles,"" to which @dril[3] responded ""no."" The tweets gained over 12,000 and 13,000 retweets, respectively.","['dril', 'candles', 'economy', 'money', '@craigus12', '@dril']",2013,2020-09-29,[]
https://knowyourmeme.com/memes/rain-drop-drop-top,https://i.kym-cdn.com/entries/icons/original/000/021/866/badnboujee.jpg,"Rain Drop Drop Top is a lyric from the song ""Bad and Boujee"" by hip hop group Migos that became a phrasal template for jokes primarily on Twitter, especially Black Twitter in late December 2016. The song's first lyric is ""Rain drop, drop top, smokin' on cookie in the hotbox."" In the snowclone, ""smokin' on cookie in the hotbox"" is replaced.","On August 27th, 2016, Migos uploaded ""Bad and Boujee"" to their Soundcloud page.[1] As of December 27th, the track has been played over 49.4 million times. On October 31st, the group posted their video for the track to YouTube, where it has been viewed over 60.7 million times (shown below).","['migos', 'lyric', 'twitter', 'niicksx', 'cavsfan2014']",2016,2021-03-31,['song']
https://knowyourmeme.com/memes/meme-templates,https://i.kym-cdn.com/entries/icons/original/000/021/235/151079_26c0c.png,"Meme Templates are the commonly used patterns and elements composing the ideas and behaviors in memes. All memes such as in phrases, images, videos, and other mediums, mimic some aspect of a preexisting meme template.","The first Internet meme template, and by extension the first Internet meme, was arguably spam. The first example of ""spamming"" on a form of the Internet can be traced back to a mass email sent out by a Digital Equipment Corporation employee dated May 1st, 1978.[10] Spam as a term is based on a Monty Python sketch in which the 'spam' appears on every item in a menu, complete with a Spam Song (shown below).[20] The template for the spam/spamming meme is the act sending the same message repeatedly, often indiscriminately to multiple users which causes annoyance. Spam became popularized as a meme in the early 90s.","['memes', 'template', 'impact font', 'internet slang', 'image macro', 'reaction image', 'viral videos', 'copypasta', 'exploitable', 'remix', 'snowclone', 'templates']",1978,2021-05-09,"['exploitable', 'participatory-media', 'remix']"
https://knowyourmeme.com/memes/your-next-line-is,https://i.kym-cdn.com/entries/icons/original/000/020/637/705.jpg,"Your Next Line is‚Ä¶ (also known as ""Your Next Line will Be‚Ä¶"" or ""Next You're Gonna Say‚Ä¶"") is a catchphrase that has become associated with the JoJo's Bizarre Adventure character Joseph Joestar. The quote is often used by Joseph as part of his cleverness to predict what his opponents are about to say next. Online, the quote has become a popular form of shitposting in the JoJo fandom where a user would write in a sentence that other users are about to say and those who participate would repeat the sentence followed by showing a sense of shock or confusion in their reply, thus prompting the snowclone Your Next Line is X.","This quote originated from the second story arc of JoJo's Bizarre Adventure titled Battle Tendency which was published from 1988 to 1989. The quote made its first appearance in the 47th chapter of the manga titled Sad News. In the chapter, Joseph engages battle against a thug who was harassing his friend. Among the tactics he used, Joseph predicted what the thug was about to say next, prompting him to be shocked and confused (shown below). Throughout the rest of the story, Joseph would use his catchphrase against various opponents such as Straizo, Santana, Ceasar, Esidisi, and Kars.","[""jojo's bizarre adventure"", 'jojo', 'joseph joestar', 'battle tendency', 'catchphrase', 'quote', 'hawxx_', 'jos√© fino', 'shonengamez']",1988,2020-11-14,"['catchphrase', 'pop-culture-reference']"
https://knowyourmeme.com/memes/keit-ai-finds-a-way,https://i.kym-cdn.com/entries/icons/original/000/019/871/1444651622612.jpg,"Keit-ai (also known as Keit-Ai, Keit-AI, or KeitÊÑõ) is a copypasta of an original story concept made in the Anime & Manga section of 4chan (also known as /a/). Due to the prolific and widespread use of the copypasta, it's usually associated with the phrase ""Finds a Way"".","The premise of the copypasta[1] goes like this: It can be seen posted in ""Write an Anime Plot""[2] threads on 4chan‚Äôs /a/ board like so. The earliest archived mention of Keit-ai[3] was posted back in 2011 by a 4chan tripcode user and artist known as ""Hataki !WBLg6PTzh""[4]. He and several anons also tried making Keit-ai real but failed.[5][6][33]","['keit-ai', 'cellphone', 'anime', 'chinese cartoon', 'alternate universe', 'fanfiction', 'copypasta', 'snowclone']",2011,2021-03-12,"['copypasta', 'image-macro', 'remix', 'viral-video']"
https://knowyourmeme.com/memes/repost-if-x,https://i.kym-cdn.com/entries/icons/original/000/034/953/asdfasdfdfs.png,Repost if X refers to a series of memes encouraging others to repost if a presented condition is met. People reposting might not agree with the condition and maybe reposting ironically. The Repost If X format has spawned many derivatives and is often used in image macros and GIF captions.,"One of the first ironic uses of the phrase ""repost if X"" was in the copypasta meme 5ever. In the original Tumblr post, the author Deathray-Deathray[1] describes a sad romance story with poor English in Comic Sans while encouraging others to reblog the pos (shown below).","['repost', 'ironic memes', 'image macros', 'gif captions', 'gif caption', 'repost this', 'repub', 'repub if']",2011,2021-02-19,[]
https://knowyourmeme.com/memes/youve-heard-of-bigfoot-now-get-ready-for-smallhand,https://i.kym-cdn.com/entries/icons/original/000/018/720/bigfoot.jpg,"You've Heard of Bigfoot, Now Get Ready for Smallhand is a word play joke about an unknown rival to the cryptid ape creature Bigfoot. After circulating on Tumblr in July 2015, the joke inspired many variations on the microblogging site using the phrasal template ""You've heard of X, now get ready for Y,"" typically contrasting two diametrically opposed terms.","On July 12th, 2015, Tumblr user fuck-bono submitted a post with the phrase ""You've heard of bigfoot‚Ä¶.. now get ready for smallhand"" (shown below). Within two months, the post gained over 107,000 notes.","['tumblr', 'elf on the shelf', 'me_irl', 'reddit', 'twitter']",2015,2020-04-05,[]
https://knowyourmeme.com/memes/i-will-find-you-and-i-will-kill-you,https://i.kym-cdn.com/entries/icons/original/000/017/107/814.jpg,"""I will find you and I will kill you"", also referred to as the Taken meme is a memorable quote said by the protagonist character in the 2008 action-thriller movie Taken. Online, this phrase, along with other excerpts from the intense monologue, has been adopted as a phrasal template for heckling comments, most typically in the form of reaction images.","Directed by Pierre Morel and written by Luc Besson, the English-language French action-thriller film Taken was initially released in February 2008, followed by the box office premiere in the United States on January 30th, 2009. In the film, the line is uttered by the protagonist character Bryan Mills (portrayed by Liam Neeson), a retired C.I.A operative and divorced dad in search of his missing teenage daughter, in a telephone conversation during which Mills speaks with the kidnappers of his daughter for the first time. On April 4th, 2009, a couple of months after the film's release in the U.S., one of the first YouTube clips featuring the dialogue scene was uploaded to the video-sharing site, gaining more than 800,000 views in the first five years.","['catchphrase', 'image macro', 'movie', 'liam neeson', 'taken', 'pierre morel', 'luc besson', 'bryan mills']",2012,2021-04-25,[]
https://knowyourmeme.com/memes/garfielf,https://i.kym-cdn.com/entries/icons/original/000/016/931/xM5NXJJK.png,"Garfielf refers to an intentionally poor quality parody video of Garfield, made by Jim Davis. The popularity of the original video spawned a number of remakes and parodies featuring MS Paint artwork and the same voices for text to speech narration.","On the 4th of April, 2013, YouTube user PilotRedSun uploaded a video entitled ""Garfielf"". The video consists of various MS Paint renderings of Garfield and Jon being voiced by the VoiceForge text to speech narrators Wiseguy and Jerkface, respectively.[1] The video also contains the psychedelic rock song ""Coc'n Rolla"" by Begnagrad.[7]","['cat', 'comic', 'parody', 'ms paint', 'paint', 'garfield', 'jon', 'text to speech', 'odie', 'garfielf', 'tts', 'pilotredsun', 'voiceforge', 'wiseguy and jerkface', 'begnagrad', 'nano', 'lycan jonze']",2013,2021-05-11,"['parody', 'viral-video']"
https://knowyourmeme.com/memes/i-was-only-pretending-to-be-retarded,https://i.kym-cdn.com/entries/icons/original/000/015/352/Screen_Shot_2021-02-17_at_2.52.46_PM.png,"I Was Only Pretending To Be Retarded is a phrase used to show that a person was intentionally being inflammatory in order to troll someone. However, it is often mocked as a false defense after a person is criticized for their opinion. It is also used in greentext to call out retreating trolling techniques.","The origin of the phrase may be attributed to the comic (picture below), originally posted somewhere in 2009, where a stick figure is acting like a ""retard"" in front of two others. One of them calls out the retard, but then he reveals that he was ""only pretending."" The earliest archived example of the comic can be traced back to November 29th, 2009, on 4chan's /a/ (Anime and Manga) board[1].","['trolling', 'i was only pretending to be retarded', 'merely pretending']",2009,2021-04-20,['exploitable']
https://knowyourmeme.com/memes/hide-x-threads-ignore-x-posts-do-not-reply-to-x-posters,https://i.kym-cdn.com/entries/icons/original/000/013/127/hide.jpg,"Hide X Threads, Ignore X Posts, Do Not Reply To X Posters is a phrasal template and image macro calling for message board users to slow the spread of certain posters based on ethnicity, nationality, race or interests. The template is accompanied by a characitures of the stereotypes of the group being ignored on a keyboard. However, based on the drawing of the character in the meme, it is likely that the meme began as an anti-semitic expression against Jewish internet users. Outside of this format, the design of the character is used to identify shitposters worldwide as well as being a signature for the Australian Shitposters meme.","The origin of the meme is unknown. However, while the origin could not be confirmed, based on the drawing, it's likely that the earliest version of the meme was ""Hide Jewish Posts"" (shown below, left). The earliest available version was posted on September 24th, 2012 by an anonymous 4chan user in the /jp/ board (shown below, right).[1]","['hide x threads', 'ignore x posts', 'do not reply x posters', 'shitposter', 'computer', 'desk', 'monitor', 'typing', 'background']",2010,2021-04-25,"['image-macro', 'catchphrase', 'character', 'parody']"
https://knowyourmeme.com/memes/i-see-dead-people,https://i.kym-cdn.com/entries/icons/original/000/012/818/Movie_i_see_dead_people-769472.jpg,"""I See Dead People"" is a memorable quote from the 1999 supernatural horror film The Sixth Sense. On the web, both the original line and its snowclone variations have been used to mock a particular group of people for their behaviors or stereotypes.","Directed by M Night Shyamalan and starring Bruce Willis and Haley Joel Osment, The Sixth Sense was released on August 2nd, 1999. In the film, the child protagonist Cole Sear (played by Haley Joel Osment) can be heard uttering the line before Dr. Malcolm Crowe (played by Bruce Willis) to reveal that he can see ghosts. The quote was also prominently featured in a number of promotional clips and official teaser trailers. It was parodied in the 2000 horror spoof film Scary Movie[13] (shown below, right) after the character Shorty (played by Marlon Wayans) smokes too much marijuana. As early as 2001, the catchphrase evolved into a snowclone, with one of the earliest variations substituting ""dead"" with ""dumb"" and posted via a personal website[6] on January 4th, 2001.","['i see dead people', 'bruce willis', 'the sixth sense', 'haley joel osment', 'dead people', 'catchphrase', 'movie quote']",1999,2018-07-18,"['catchphrase', 'pop-culture-reference']"
https://knowyourmeme.com/memes/puts-on-sunglasses-yeeeeaaahhh,https://i.kym-cdn.com/entries/icons/original/000/011/203/yeah.jpg,"(‚Ä¢_‚Ä¢) / ( ‚Ä¢_‚Ä¢)>‚åê‚ñ†-‚ñ† / (‚åê‚ñ†_‚ñ†), also referred to as Puts on Sunglasses or Deal With It, is the ASCII-interpretation of the popular CSI multipane comics featuring Lt. Horatio Caine, the protagonist character in the popular police procedural show Crime Scene Investigation: Miami, or CSI.: Miami. The ASCII version of the meme follows the template:","On September 12th, 2002, the American television series CSI: Miami premiered on CBS.[1] One of the show's many tropes includes Lt. Caine (portrayed by David Caruso), the lead investigator, and his wry, humorous comments about a victim he is investigating (example below). After making such comments, he puts on his sunglasses, which cues the show's theme song, ""Won't Get Fooled Again"" by The Who, opening with Who singer Roger Daltry's cry, ""Yeah!""","['meme', 'csi', 'on', 'comment', 'sunglasses', 'puts', 'm√®me']",2002,2021-04-13,['pop-culture-reference']
https://knowyourmeme.com/memes/that-post-gave-me-cancer,https://i.kym-cdn.com/entries/icons/original/000/011/041/cover7.jpg,"That Post Gave Me Cancer is an image macro series based on images of various characters lying sick in bed or otherwise looking unwell, captioned ""That post gave me cancer."" The catchphrase, usually used in the comments to various posts, indicates that the content posted was of such poor quality that it infected the reader with ""cancer,"" a slang term that is typically used on 4chan to express one's disgust towards a trend or a thread.","On January 18th, 1969, episode 19 ""To Cage a Spider"" of season two of the 1967 series Spider-Man, colloquially known as 60's Spider-Man, premiered.[3] In one scene of the episode, Spider-Man is shown lying on a sickbed at a hospital. Starting at least as early as November 2007, the word ""cancer"" has been used as a metaphor for poor quality content on 4chan's /b/ and other boards. The spread of the word is mostly associated with the popularization of the phrase The Cancer That Is Killing /b/. In April 2009, Marvel started streaming episodes of 60's Spider-Man. In the following months, the show gained viral popularity among users on 4chan's /co/ board, with users posting threads with still images from the show, with users also making image macros based on it. In one of such threads, an anonymous user created an image macro based a still image of Spider-Man lying sick in bed from the episode ""To Cage a Spider"" of the series, captioning it ""That Post Gave Me Cancer"" (shown below). The earliest found reposts of the image were made by an anonymous JoyReactor[1] user on March 30th, 2010, and on 4chan image mirror website Chan4Chan[2] on November 30th, 2010. The screen capture, which shows the Marvel superhero lying on the sickbed at the hospital, was originally taken from an episode of the 1967 Spider-Man TV series titled ""To Cage a Spider.""","['4chan', 'macro', 'cancer', 'post', 'stupid', 'spiderman', 'reaction faces', '60s', '/co/', 'snowclone', 'catchphrase']",2009,2021-03-13,['catchphrase']
https://knowyourmeme.com/memes/i-am-altering-the-deal,https://i.kym-cdn.com/entries/icons/original/000/010/679/cCVqHor.png,"I Am Altering the X is an phrasal template taken from Star Wars Episode V: The Empire Strikes Back in which Darth Vader says, ""I am altering the deal. Pray I do not alter it any further."" Online, it used as a response to someone's disapproval of change, in a similar fashion to Deal With It. Typically, it takes the format of ""I am altering the X, Pray I don't alter it any further"" and is used either as a text response, reaction or image macro. Occasionally, the past tense form, ""I have altered the X,"" is also used.","The line originates from the 1980 film Star Wars: The Empire Strikes Back, released on May 21st, 1980, and was spoken by Darth Vader after Lando Calrissian expresses his dissatisfaction at Vader's broken promises (seen below). The original line is ""I am altering the deal, pray I don't alter it any further.""","['star wars', 'deal', 'lando', 'vader', 'bob fett', 'the empire strikes back', 'lando calrissian', 'darth vader', 'george lucas', 'catchphrase', 'image macro', 'reaction', 'pop culture']",1980,2021-04-24,"['catchphrase', 'pop-culture-reference', 'image-macro', 'reaction']"
https://knowyourmeme.com/memes/i-sell-propane-and-propane-accessories,https://i.kym-cdn.com/entries/icons/original/000/008/040/latest.jpg,"""I sell propane and propane accessories"" Is a phrase used by Hank Hill from the animated television show King of the Hill. It has gained popularity on the internet in various forms first as an image macro, and then as a snowclone.","""I sell propane and propane accessories"" Is a phrase occasionally said by Hank Hill, the main character of the animated show King of the Hill, created by Matt Judge for FOX in 1997. Hank is a propane salesman for the fictional company Strickland Propane in the fictional town of Arlen, Texas. Hank loves his job, and it is central to his identity as a person, and therefore it is featured heavily in the show.[1] The phrase itself, and specifically the redundancy of saying ""propane and propane accessories,"" is used as a pastiche of the overbearing attitude of many salesmen and tradesmen. While Hank is not like this, he uses the phrase almost subconsciously; asked what his job is, he would invariably respond ""I sell propane and propane accessories.""[2]","['hank hill', 'propane', 'king of the hill', 'accessories', 'catchphrase', 'tv show', 'adult swim', 'comedy']",1997,2020-04-28,['catchphrase']
https://knowyourmeme.com/memes/i-never-asked-for-this,https://i.kym-cdn.com/entries/icons/original/000/006/742/Deus_Ex__Human_Revolution_-_Reveal_Trailer_0-55_screenshot.png,"""I Never Asked for This, sometimes misquoted ""I Didn't Ask for This"", is a memorable quote said by the protagonist of 2011 video game Deux Ex: Human Revolution Adam Jensen. Used as the first line of dialogue in the official trailer of the game, the quote later gained significant popularity in memes, being combined with images of Jensen to be used as a reaction and utilized as I Never Asked for X snowclone.","On March 12th, 2010, the official reveal trailer for then-upcoming video game Deux Ex: Human Revolution premiered[1] (shown below, left). In the trailer, main character Adam Jenses says ""I never asked for this"" in reference to his cybernetic augmentations. On December 13th, 2010, the extended cut CGI trailer for the game premiered[2] (shown below, right), with the line again being used. In the game, Jensen can optionally say the phrase while talking to NPC Cassandra Reed during ""Motherly Ties"" side quest (gameplay video shown below).[3] - I can't get over just how much they've‚Ä¶ changed you/ At first, I couldn't even believe you were still alive. How do you handle all of this? - I never asked for this. They say they saved me, but I'm not sure saved is the right word. On February 4th, 2011, Neogaf user Kinyou[4] made a post in which they wrote that they could not get the line ""I never asked for this"" out of their head. The line gained popular recognition in mid-June 2011. On June 15th, 2011, Neogaf[5] user Dizzy-4U used the line as a humorous response in a thread. On June 23rd, 2011, Neogaf[6] user NIN90 reacted with the line to an image posted by another user.","['game', 'adam jensen', 'human revolution', 'deus ex', 'i never asked for this', 'i never x for this', 'cassandra reed', 'kinyou', 'dizzy-4u', 'nin90', 'purpleleantx', 'jackobkreuztraeger']",2010,2021-04-25,['catchphrase']
https://knowyourmeme.com/memes/youre-a-wizard-harry,https://i.kym-cdn.com/entries/icons/original/000/005/220/You're_a_wizard_Harry!_0-23_screenshot.png,"You're a Wizard, Harry, often intentionally misspelled Yer a Wizard, Harry, refers to a memorable dialogue from 2001 film Harry Potter and the Philosopher's Stone in which character Hagrid reveals to Harry Potter that he is a wizard, with Harry reacting with surprise. Online, the dialogue has been used in memes and remixes, with a 2010 Garry's Mod video gaining particular renown.","On November 16th, 2001, fantasy film Harry Potter and the Philosopher's Stone premiered in the United States.[1] In one scene of the film, character Hagrid reveals to main character Harry Potter that he is a wizard and is to study in Hogwarts (scene shown below), to which Harry responds ""I'm a what?"" - You're a wizard, Harry. - I'm a what? On July 16th, 2009, YouTube[2] user thejess11 made the earliest known upload of the clip to YouTube (video no longer available). On October 31st, 2009, YouTube[3] user Snag Prophet posted the earliest found remix based on the clip, a This Is Sparta remix (shown below) that received over 66,000 views in 12 years.","['wizard', 'hagrid', 'harry potter', 'yer a wizard harry', ""i'm a what"", 'hogwarts']",2001,2021-04-28,['catchphrase']
https://knowyourmeme.com/memes/it-will-be-fun-they-said,https://i.kym-cdn.com/entries/icons/original/000/002/521/22487428.jpg,"""It Will Be Fun, They Said is a phrase typically used in image macros with the snowclone template ""X, They Said."" The template was popularized with the creation of the Laundry Room Viking image macro series started in August of 2011.","In the real-time strategy (RTS) game Warcraft 2, released on December 9th, 1995, human footmen would often say the phrase ""'Join the army!', they said. 'See the world!', they said. I'd rather be sailing."" In the World War II RTS Company of Heroes, released on September 12th, 2006, the engineer squad would sometimes respond by saying ""Join the army they said. It'll be fun they said"" when selected by the player. The TV Tropes[2] page for ‚Äú‚ÄòJoin the Army,‚Äô They Said‚Äù was created on August 7th, 2010.","['caption', 'thread', '4chan', '/b/', 'shivamj', 'zidude', 'matthew mihok', 'wigimeg', 'fiddloco']",2010,2021-03-24,[]
https://knowyourmeme.com/memes/im-commander-shepard,https://i.kym-cdn.com/entries/icons/original/000/002/105/shepcover.jpg,"I'm Commander Shepard, and This Is My Favorite Store on the Citadel is a popular line of dialogue spoken by Commander Shepard in the 2010 Bioware video game Mass Effect 2 when giving an endorsement to an in-game store in exchange for a discount. The line became a popular catchphrase in Mass Effect memes including image macros, in snowclone Advice Animal style memes and YouTube remixes the year of the game's release.","On January 26th, 2010, the second entry in the Mass Effect series of video games, Mass Effect 2, was released in North America. Early in the game, the player character Commander Shepard is given the option to advertise for their favorite store to get discounts from it. If the player chooses to do so, Shepard is recorded by the shop clerk saying, ""I'm Commander Shepard, and this is my favorite store on the citadel."" The player can do this at multiple stores, resulting in the audio clip playing whenever you enter one, humorously making it appear as if Shepard endorses every store as their favorite. On February 4th, 2010, YouTuber[1] DigBickPlaya uploaded footage of the scene, garnering over 130,000 views in 11 years (shown below).","['mass effect', 'shepard', 'store', 'citadel', 'paragon', 'commander shepard', 'bioware', 'ea', 'gaming', 'video games', 'image macro', 'catchphrase', 'snowclone']",2010,2021-04-05,"['catchphrase', 'image-macro']"
https://knowyourmeme.com/memes/but-can-it-run-crysis,https://i.kym-cdn.com/entries/icons/original/000/002/038/maxresdefault.jpg,"But Can It Run Crysis? is a phrase referring to the 2007 Crytek first-person shooter Crysis, underscoring the reputation the game has obtained for it's steep system requirements at the time of its release. The phrase has slowly evolved into a snowclone as years pass, substituting ""But can it run X?"" for the most recent and system-demanding title at the time.","Crysis was released on November 13th, 2007[1] by Crytek and Electronic Arts, and was developed on the (then) latest version of the CryEngine, which also powered Crytek's first title, FarCry. It was amongst the first games to ever utilize Microsoft's DirectX 10 API framework, which required Windows Vista or later. Other feats prided by the Crytek developers was the game being created with over 1 million lines of code, utilization of over 1 GB of texture data, and up to 85,000 active shaders. Since it's release, Crysis has received universal acclaim, hailing it as the first true next-gen gaming experience, with a Metacritic[2] aggregated score of 91 and multiple game of the year awards. ¬† One of the earliest uses of the phrase comes from the bit-tech.net[3] article on the game posted December 15th, 2009, stating that ""The question 'Yeah, but can it play Crysis?' [has become] a comical catchphrase addition to most graphics card reviews."" The article also questions the necessity of such taxing features on the game at release, and if this was a step in the right direction for gaming.","['video games', 'crysis', 'crytek', 'electronic arts', 'first person shooter', 'graphics', 'pc']",2007,2021-04-04,"['catchphrase', 'pop-culture-reference']"
https://knowyourmeme.com/memes/where-is-your-god-now,https://i.kym-cdn.com/entries/icons/original/000/001/851/Screenshot_4.jpg,"""Where Is Your God Now?"" is a popular catchphrase often used as a caption for cursed or menacing images or pictures that depict something defying the normal order of things. The meme originates from a viral YTMND page of the King from Burger King advertisements in the 2000s. The phrase has also been repurposed as the ""Where Is Your X Now?"" snowclone.","The slightly altered version of the phrase appears in verse 7:10 of the Book of Micah of the Old Testament (seen below).[1] Then my enemy will see, and shame will cover her who said to me, ‚ÄúWhere is the LORD your God?‚Äù My eyes will look upon her; now she will be trampled down like the mire of the streets. The phrase ""Where Is the Lord your God?"" is generally interpreted as ""the enemy"" (the Chaldean) luring the city of Jerusalem into questioning its faith in Jehovah when Jehovah did not aid the city as it was attacked by the Chaldeans.[2][3] Versions of the phrase also appear in the Bible, in Torah and in a number of Psalms, typically said by Israel's enemies to the people of Israel about their God (shown below).[4] My tears have been my food day and night, while they continually say to me, ‚ÄúWhere is your God?‚Äù (Psalm 42:1-3) He will say: Where are their gods, their rock in whom they trusted, which ate the fat of their sacrifices and drank the wine of their drink offerings? (Deuteronomy 32:36-38) In October 2004, a Burger King commercial called ""Wake Up for With Burger King"" premiered in the U.S. (shown below). In the commercial, a man wakes up to find The Burger King lying next to him and staring at him. On March 28th, 2005, YTMBD[5] user ilpadrino created a YTMND titled ""WHERE IS YOUR GOD NOW?"" that featured a still image of The Burger King staring at the man, captioned with the phrase. The page received nearly 80,000 views in 16 years (still image shown below).","['catchphrase', 'where is your god now', 'snowclone', 'bible', 'demotivational poster', 'god', 'phrase', 'ytmnd']",2005,2021-05-09,['catchphrase']
https://knowyourmeme.com/memes/if-you-watch-x-backwards-its-about-y,https://i.kym-cdn.com/entries/icons/original/000/001/372/rambo.jpg,"If You Watch X Backwards, It's About Y is a snowclone template often seen on online message boards, to change the narrative of a popular films using reverse chronology. It is used to highlight the hilarious or ridiculous aspects of the movie or comment on traditional cinematic and narrative conventions.","One of the earliest instances of flipping a movie's narrative appeared on the SomethingAwful forums[6] on May 20th, 2006 and linked on the Discarded Lies forum on May 21st, 2006.[5] The original post re-imagined Star Wars, Titanic, The Lord of the Rings, Batman Begins and Carry on Camping. Several months later, on January 3rd, 2007, the trope appeared in a question on Yahoo! Answers.[1] That June, YouTuber Bigshot210[2] uploaded an edited montage of Jaws arranged in reverse chronology. The description was nearly word for word from the Yahoo! Answers question, reading: ""The story of a shark who throws-up humans until they open the beach."" The video has since been removed due to a copyright claim by NBC Universal.","['movies', 'film', 'cinema', 'reverse', 'chronology', 'snowclone', 'jaws', 'karate kid', 'rambo', 'reddit', 'carry on camping', 'sixdoublefive321', 'mental floss']",2009,2021-03-27,[]
https://knowyourmeme.com/memes/inb4--2,https://i.kym-cdn.com/entries/icons/original/000/001/325/in-b4-404.jpg,"In before X, often abbreviated as ""in b4,"" is an expression commonly used on discussion forums and imageboards to forecast an anticipated response or a predictable outcome within a given thread.","The phrasal template ""In before X"" is derived from its earlier form of expression ""in before the lock,"" which was widely used on 4chan and other imageboards to leave a marking in a thread that is soon to be cycled out without being archived or removed by the admin. The earliest Urban Dictionary definitions[1][2] for the expressions ""in before the lock"" and ""in b4"" were posted on March 9th, 2006 and April 30th, 2007, respectively. The earliest archived mention of ""in b4"" can be found in a 4chan thread[3] posted on March 31st, 2007, although its usage most likely predates this.","['4chan', 'internet', 'slang', 'in', 'b4', 'forum', 'inb4', '404', 'lock', 'comment', 'comments', 'acronym', 'initialism']",2007,2020-05-21,['slang']
https://knowyourmeme.com/memes/no-items-fox-only-final-destination,https://i.kym-cdn.com/entries/icons/original/000/000/708/Screen_Shot_2017-08-29_at_3.35.06_PM.jpg,"No Items, Fox Only, Final Destination is a catchphrase parodying the strict and ""serious"" behavior of competitive players of the video game series Super Smash Bros., or ""Tourneyfags,"" as they are known. The memetic phrase was turned into a series of MS Paint comics on 4chan in which these players interrupt other events. The phrase is commonly edited through the snowclone ""No X, Y Only, Final Destination!""","In competitive Super Smash Bros. Melee, common tournament tier lists regularly rank the character Fox McCloud as the top rank, currently occupying his own special rank of SS over the 25 other characters.[1] This is commonly attributed to Fox's high levels of versatility and speed, and is commonly proven to be a ""jack of all trades, master of many."" This makes Fox a very popular character among tournament players, making high level tournament play include an overabundance of Fox, oftentimes creating an impression that Fox is the only character allowed to be played. In competitive tournament play, the focus on skill over random chance and environmental exploitation oftentimes leads players to turn off randomly spawning items and impose self restrictions on many stages that provide any form of significant hazard banned from being played at events due to the unbalanced nature of the game. One of the most balanced stages in the game is Final Destination, which is simply a flat panel. These rules commonly leak into Casual Play, where open Stage Selection and Items are normally welcome, creating tension between the casual and tournament player.","['final destination', 'super smash bros', 'fox', 'comic']",2007,2021-01-09,['pop-culture-reference']
https://knowyourmeme.com/memes/at-first-i-was-like-but-then-i-was-like,https://i.kym-cdn.com/entries/icons/original/000/000/324/At_First_I_Was_Like_But_Then_I_Was_Like_Banner'.jpg,"At First, I Was Like, But Then, I Was Like refers to a phrasal template and series of memes that revolve around one's sudden change in their opinion or impression regarding a particular subject. Typically, these appear as image macros with variations of the caption ‚ÄúAt first I was like X, but then I was like X,‚Äù with two related images depicting different facial expressions split into two panels. There are many variations of the setup, which sometimes displays the same image twice for irony.","The exact origins of this meme are unknown, but it is believed to have originated sometime around 2004. One such early example was posted on April 5th, 2004, in a thread on the My350Z[1] forums by user 12SecZ, who used the phrasal template alongside emoticons to show their reaction (seen below, left). Another early template setup using the phrase in a meme format included the caption ""At first I was like, but then I lol'd."" On May 27th, 2007, MyConfinedSpace[2] user Panzer posted one such example, receiving 24 votes and a 4.5 out of 5 rating in roughly 14 years (seen below, right).","[""serious'd"", ""lol'd"", 'image macro', 'reaction image', 'at first i was like', 'but then i was like', 'snowclone', 'phrasal template', 'meme', 'catchphrase', 'reaction']",2004,2021-05-12,"['catchphrase', 'image-macro', 'reaction']"
https://knowyourmeme.com/memes/imminent-ned-brace-yourselves-winter-is-coming,https://i.kym-cdn.com/entries/icons/original/000/007/146/nedstark.jpg,"Imminent Ned (also know as ""Winter is Coming"") is an image macro series featuring the character Eddard ""Ned"" Stark from the HBO series Game of Thrones, a television adaption of George R. R. Martin's epic fantasy novel series A Song of Ice and Fire. Its snowclone template ""Brace Yourselves, X is Coming"" can be versatilely used to forewarn or proclaim the impending arrival of a highly anticipated event, a product or an internet meme.","In George R. R. Martin's A Song of Ice and Fire, the phrase ""winter is coming"" is prominently featured as the motto of House Stark of Winterfell, a noble clan renowned for its fortified ancient castle. It was also used in the HBO series Game of Thrones as the title of the pilot episode, which aired on April 17th, 2011, as well as for several promotional trailers and posters. An image macro featuring a photo of an owl and the phrase ""winter is coming"" (shown below, left) was submitted to Quickmeme[1] in July 2011, but the phrase didn't take off until it was paired with an HBO promotional portrait of Ned Stark (played by Sean Bean) later in August that year. The earliest known instance using this image (shown below, right) surfaced shortly after the U.S. East Coast earthquake on August 23rd, 2011.","['game of thrones', 'ned stark', 'imminent', 'ned', 'stark', 'brace yourself', 'blacklist', 'snowclone']",2011,2021-04-29,"['image-macro', 'pop-culture-reference']"
